settlement_id,category,threshold1,threshold2,mean_wt_percent,difference
Ndirande,mean_wt_percent_Mixed,1.21,1.55,57.13839387601322,-13.477235025427838
Ndirande,mean_wt_percent_Mixed,1.21,1.57,61.57848691299665,-9.037141988444404
Ndirande,mean_wt_percent_Mixed,1.21,1.59,66.87072703545603,-3.744901865985028
Ndirande,mean_wt_percent_Mixed,1.21,1.61,70.64418456509723,0.0285556636561779
Ndirande,mean_wt_percent_Mixed,1.21,1.6300000000000001,74.44095677947915,3.8253278780380953
Ndirande,mean_wt_percent_Mixed,1.21,1.6500000000000001,79.52804976846899,8.912420867027933
Ndirande,mean_wt_percent_Mixed,1.21,1.67,82.60408260097977,11.98845369953871
Ndirande,mean_wt_percent_Mixed,1.21,1.69,84.4139520524745,13.798323151033443
Ndirande,mean_wt_percent_Mixed,1.21,1.71,85.85628974973973,15.240660848298674
Ndirande,mean_wt_percent_Mixed,1.23,1.55,57.01277758610232,-13.60285131533874
Ndirande,mean_wt_percent_Mixed,1.23,1.57,61.45227143536841,-9.163357466072647
Ndirande,mean_wt_percent_Mixed,1.23,1.59,66.7440747648149,-3.871554136626159
Ndirande,mean_wt_percent_Mixed,1.23,1.61,70.48510459157107,-0.1305243098699833
Ndirande,mean_wt_percent_Mixed,1.23,1.6300000000000001,74.313484499682,3.697855598240949
Ndirande,mean_wt_percent_Mixed,1.23,1.6500000000000001,79.40013125903207,8.784502357591009
Ndirande,mean_wt_percent_Mixed,1.23,1.67,82.47575555016992,11.860126648728865
Ndirande,mean_wt_percent_Mixed,1.23,1.69,84.28542406278993,13.669795161348873
Ndirande,mean_wt_percent_Mixed,1.23,1.71,85.72762730323791,15.111998401796853
Ndirande,mean_wt_percent_Mixed,1.25,1.55,55.59464571975141,-15.020983181689644
Ndirande,mean_wt_percent_Mixed,1.25,1.57,60.03410659067225,-10.581522310768804
Ndirande,mean_wt_percent_Mixed,1.25,1.59,65.32591859107035,-5.289710310370708
Ndirande,mean_wt_percent_Mixed,1.25,1.61,69.06682708116296,-1.5488018202781006
Ndirande,mean_wt_percent_Mixed,1.25,1.6300000000000001,72.89537887450986,2.279749973068803
Ndirande,mean_wt_percent_Mixed,1.25,1.6500000000000001,77.9820556622872,7.366426760846139
Ndirande,mean_wt_percent_Mixed,1.25,1.67,81.05751353891563,10.441884637474573
Ndirande,mean_wt_percent_Mixed,1.25,1.69,82.86717291676689,12.251544015325834
Ndirande,mean_wt_percent_Mixed,1.25,1.71,84.30949292203921,13.693864020598156
Ndirande,mean_wt_percent_Mixed,1.27,1.55,54.24958396666268,-16.36604493477838
Ndirande,mean_wt_percent_Mixed,1.27,1.57,58.6890047329071,-11.926624168533955
Ndirande,mean_wt_percent_Mixed,1.27,1.59,63.98082160822365,-6.634807293217406
Ndirande,mean_wt_percent_Mixed,1.27,1.61,67.72160012213355,-2.8940287793075044
Ndirande,mean_wt_percent_Mixed,1.27,1.6300000000000001,71.51949578220699,0.903866880765932
Ndirande,mean_wt_percent_Mixed,1.27,1.6500000000000001,76.6116727544995,5.996043853058438
Ndirande,mean_wt_percent_Mixed,1.27,1.67,79.71231458772692,9.096685686285866
Ndirande,mean_wt_percent_Mixed,1.27,1.69,81.52196255047785,10.906333649036796
Ndirande,mean_wt_percent_Mixed,1.27,1.71,82.96439321290708,12.348764311466027
Ndirande,mean_wt_percent_Mixed,1.29,1.55,53.31331556584624,-17.302313335594818
Ndirande,mean_wt_percent_Mixed,1.29,1.57,57.75327147189905,-12.862357429542008
Ndirande,mean_wt_percent_Mixed,1.29,1.59,63.04537535671756,-7.570253544723499
Ndirande,mean_wt_percent_Mixed,1.29,1.61,66.78646294702527,-3.8291659544157852
Ndirande,mean_wt_percent_Mixed,1.29,1.6300000000000001,70.61562890144106,0
Ndirande,mean_wt_percent_Mixed,1.29,1.6500000000000001,75.70265604788888,5.087027146447824
Ndirande,mean_wt_percent_Mixed,1.29,1.67,78.77818203638557,8.162553134944517
Ndirande,mean_wt_percent_Mixed,1.29,1.69,80.58800225860536,9.972373357164301
Ndirande,mean_wt_percent_Mixed,1.29,1.71,82.030647852421,11.415018950979942
Ndirande,mean_wt_percent_Mixed,1.31,1.55,50.03697459298652,-20.57865430845454
Ndirande,mean_wt_percent_Mixed,1.31,1.57,54.47671379507065,-16.138915106370405
Ndirande,mean_wt_percent_Mixed,1.31,1.59,59.76873075877713,-10.846898142663925
Ndirande,mean_wt_percent_Mixed,1.31,1.61,63.5095147218712,-7.1061141795698575
Ndirande,mean_wt_percent_Mixed,1.31,1.6300000000000001,67.33884442918547,-3.276784472255585
Ndirande,mean_wt_percent_Mixed,1.31,1.6500000000000001,72.42584021592569,1.8102113144846328
Ndirande,mean_wt_percent_Mixed,1.31,1.67,75.50094587948156,4.885316978040507
Ndirande,mean_wt_percent_Mixed,1.31,1.69,77.31069394333937,6.695065041898317
Ndirande,mean_wt_percent_Mixed,1.31,1.71,78.753530505686,8.137901604244945
Ndirande,mean_wt_percent_Mixed,1.33,1.55,48.26035227935459,-22.355276622086464
Ndirande,mean_wt_percent_Mixed,1.33,1.57,52.705151422957044,-17.91047747848401
Ndirande,mean_wt_percent_Mixed,1.33,1.59,58.04821111633978,-12.567417785101277
Ndirande,mean_wt_percent_Mixed,1.33,1.61,61.788662987700604,-8.826965913740452
Ndirande,mean_wt_percent_Mixed,1.33,1.6300000000000001,65.5812125822282,-5.034416319212852
Ndirande,mean_wt_percent_Mixed,1.33,1.6500000000000001,70.6735769490462,0.057948047605137276
Ndirande,mean_wt_percent_Mixed,1.33,1.67,73.7797490112704,3.1641201098293408
Ndirande,mean_wt_percent_Mixed,1.33,1.69,75.58938816645869,4.973759265017634
Ndirande,mean_wt_percent_Mixed,1.33,1.71,77.00834533600941,6.3927164345683565
Ndirande,mean_wt_percent_Mixed,1.35,1.55,46.780759912520864,-23.834868988920192
Ndirande,mean_wt_percent_Mixed,1.35,1.57,51.2204296394172,-19.39519926202386
Ndirande,mean_wt_percent_Mixed,1.35,1.59,56.512436516271805,-14.103192385169251
Ndirande,mean_wt_percent_Mixed,1.35,1.61,60.25279224034943,-10.362836661091627
Ndirande,mean_wt_percent_Mixed,1.35,1.6300000000000001,64.0827473025818,-6.532881598859262
Ndirande,mean_wt_percent_Mixed,1.35,1.6500000000000001,69.16977213636758,-1.4458567650734722
Ndirande,mean_wt_percent_Mixed,1.35,1.67,72.24441244032954,1.6287835388884844
Ndirande,mean_wt_percent_Mixed,1.35,1.69,74.05414294337153,3.4385140419304747
Ndirande,mean_wt_percent_Mixed,1.35,1.71,75.49729498548687,4.881666084045818
Ndirande,mean_wt_percent_Mixed,1.3699999999999999,1.55,44.38985541040344,-26.225773491037614
Ndirande,mean_wt_percent_Mixed,1.3699999999999999,1.57,48.82951223532748,-21.78611666611358
Ndirande,mean_wt_percent_Mixed,1.3699999999999999,1.59,54.12152430440445,-16.494104597036603
Ndirande,mean_wt_percent_Mixed,1.3699999999999999,1.61,57.86164304345527,-12.75398585798579
Ndirande,mean_wt_percent_Mixed,1.3699999999999999,1.6300000000000001,61.691992765558034,-8.923636135883022
Ndirande,mean_wt_percent_Mixed,1.3699999999999999,1.6500000000000001,66.77906059988918,-3.8365683015518783
Ndirande,mean_wt_percent_Mixed,1.3699999999999999,1.67,69.85341542527738,-0.7622134761636801
Ndirande,mean_wt_percent_Mixed,1.3699999999999999,1.69,71.66314381295868,1.0475149115176237
Ndirande,mean_wt_percent_Mixed,1.3699999999999999,1.71,73.10651446753997,2.4908855660989104
Ndirande,mean_wt_percent_bb,1.21,1.55,38.113881069241685,17.302796218347268
Ndirande,mean_wt_percent_bb,1.21,1.57,33.673797454075874,12.862712603181457
Ndirande,mean_wt_percent_bb,1.21,1.59,28.381562466634918,7.570477615740501
Ndirande,mean_wt_percent_bb,1.21,1.61,24.61286919810954,3.801784347215122
Ndirande,mean_wt_percent_bb,1.21,1.6300000000000001,20.811652835832653,5.679849382360658e-4
Ndirande,mean_wt_percent_bb,1.21,1.6500000000000001,15.724647585961538,-5.086437264932879
Ndirande,mean_wt_percent_bb,1.21,1.67,12.648099614814143,-8.162985236080274
Ndirande,mean_wt_percent_bb,1.21,1.69,10.838237564718737,-9.97284728617568
Ndirande,mean_wt_percent_bb,1.21,1.71,9.396348584795044,-11.414736266099373
Ndirande,mean_wt_percent_bb,1.23,1.55,38.11017467846672,17.299089827572303
Ndirande,mean_wt_percent_bb,1.23,1.57,33.670669294340335,12.859584443445918
Ndirande,mean_wt_percent_bb,1.23,1.59,28.378879260838563,7.567794409944145
Ndirande,mean_wt_percent_bb,1.23,1.61,24.63742208471126,3.8263372338168438
Ndirande,mean_wt_percent_bb,1.23,1.6300000000000001,20.80977689318236,-0.0013079577120578278
Ndirande,mean_wt_percent_bb,1.23,1.6500000000000001,15.723222611326653,-5.087862239567764
Ndirande,mean_wt_percent_bb,1.23,1.67,12.647036943350368,-8.164047907544049
Ndirande,mean_wt_percent_bb,1.23,1.69,10.83736080152351,-9.973724049370908
Ndirande,mean_wt_percent_bb,1.23,1.71,9.395608242431853,-11.415476608462564
Ndirande,mean_wt_percent_bb,1.25,1.55,38.11012096902885,17.29903611813443
Ndirande,mean_wt_percent_bb,1.25,1.57,33.67064152831165,12.859556677417231
Ndirande,mean_wt_percent_bb,1.25,1.59,28.378848354736974,7.567763503842556
Ndirande,mean_wt_percent_bb,1.25,1.61,24.637389673091096,3.826304822196679
Ndirande,mean_wt_percent_bb,1.25,1.6300000000000001,20.809777713642756,-0.0013071372516613167
Ndirande,mean_wt_percent_bb,1.25,1.6500000000000001,15.723221134338129,-5.0878637165562886
Ndirande,mean_wt_percent_bb,1.25,1.67,12.647037680243796,-8.16404717065062
Ndirande,mean_wt_percent_bb,1.25,1.69,10.837365874559941,-9.973718976334476
Ndirande,mean_wt_percent_bb,1.25,1.71,9.395621601015877,-11.41546324987854
Ndirande,mean_wt_percent_bb,1.27,1.55,38.11003646009752,17.2989516092031
Ndirande,mean_wt_percent_bb,1.27,1.57,33.670588293411654,12.859503442517237
Ndirande,mean_wt_percent_bb,1.27,1.59,28.37879622324444,7.567711372350022
Ndirande,mean_wt_percent_bb,1.27,1.61,24.637348642902978,3.826263792008561
Ndirande,mean_wt_percent_bb,1.27,1.6300000000000001,20.832308979326484,0.02122412843206689
Ndirande,mean_wt_percent_bb,1.27,1.6500000000000001,15.740267268038064,-5.070817582856353
Ndirande,mean_wt_percent_bb,1.27,1.67,12.647031262605173,-8.164053588289244
Ndirande,mean_wt_percent_bb,1.27,1.69,10.837364974104345,-9.973719876790073
Ndirande,mean_wt_percent_bb,1.27,1.71,9.395627573901034,-11.415457276993383
Ndirande,mean_wt_percent_bb,1.29,1.55,38.112802451906816,17.3017176010124
Ndirande,mean_wt_percent_bb,1.29,1.57,33.67285969040005,12.861774839505635
Ndirande,mean_wt_percent_bb,1.29,1.59,28.380766704045694,7.569681853151277
Ndirande,mean_wt_percent_bb,1.29,1.61,24.63896213129178,3.827877280397363
Ndirande,mean_wt_percent_bb,1.29,1.6300000000000001,20.811084850894417,0
Ndirande,mean_wt_percent_bb,1.29,1.6500000000000001,15.724216957188577,-5.08686789370584
Ndirande,mean_wt_percent_bb,1.29,1.67,12.64775767536494,-8.163327175529478
Ndirande,mean_wt_percent_bb,1.29,1.69,10.837948052259891,-9.973136798634526
Ndirande,mean_wt_percent_bb,1.29,1.71,9.396105539861985,-11.414979311032432
Ndirande,mean_wt_percent_bb,1.31,1.55,38.111763025895854,17.300678175001437
Ndirande,mean_wt_percent_bb,1.31,1.57,33.672015792639755,12.860930941745337
Ndirande,mean_wt_percent_bb,1.31,1.59,28.380026130604602,7.5689412797101845
Ndirande,mean_wt_percent_bb,1.31,1.61,24.63827322910687,3.827188378212451
Ndirande,mean_wt_percent_bb,1.31,1.6300000000000001,20.810644310155997,-4.405407384204807e-4
Ndirande,mean_wt_percent_bb,1.31,1.6500000000000001,15.723875290205397,-5.08720956068902
Ndirande,mean_wt_percent_bb,1.31,1.67,12.64748116125406,-8.163603689640357
Ndirande,mean_wt_percent_bb,1.31,1.69,10.837728608125058,-9.97335624276936
Ndirande,mean_wt_percent_bb,1.31,1.71,9.395953686667777,-11.41513116422664
Ndirande,mean_wt_percent_bb,1.33,1.55,38.152480755616686,17.34139590472227
Ndirande,mean_wt_percent_bb,1.33,1.57,33.70776370188454,12.89667885099012
Ndirande,mean_wt_percent_bb,1.33,1.59,28.37942987109304,7.568345020198624
Ndirande,mean_wt_percent_bb,1.33,1.61,24.63782828996148,3.8267434390670623
Ndirande,mean_wt_percent_bb,1.33,1.6300000000000001,20.832638036651858,0.021553185757440474
Ndirande,mean_wt_percent_bb,1.33,1.6500000000000001,15.740514848184262,-5.070570002710156
Ndirande,mean_wt_percent_bb,1.33,1.67,12.647359558964306,-8.163725291930112
Ndirande,mean_wt_percent_bb,1.33,1.69,10.837664743950443,-9.973420106943975
Ndirande,mean_wt_percent_bb,1.33,1.71,9.405726818087096,-11.405358032807321
Ndirande,mean_wt_percent_bb,1.35,1.55,38.111540649464686,17.30045579857027
Ndirande,mean_wt_percent_bb,1.35,1.57,33.67184787387208,12.860763022977665
Ndirande,mean_wt_percent_bb,1.35,1.59,28.37987885834343,7.568794007449014
Ndirande,mean_wt_percent_bb,1.35,1.61,24.638233755801984,3.827148904907567
Ndirande,mean_wt_percent_bb,1.35,1.6300000000000001,20.810515864425344,-5.689864690729962e-4
Ndirande,mean_wt_percent_bb,1.35,1.6500000000000001,15.72377919264262,-5.087305658251797
Ndirande,mean_wt_percent_bb,1.35,1.67,12.6474460239194,-8.163638826975017
Ndirande,mean_wt_percent_bb,1.35,1.69,10.83770321846534,-9.973381632429078
Ndirande,mean_wt_percent_bb,1.35,1.71,9.3959212675336925,-11.415163583360725
Ndirande,mean_wt_percent_bb,1.3699999999999999,1.55,38.111528531113244,17.300443680218827
Ndirande,mean_wt_percent_bb,1.3699999999999999,1.57,33.67184232792187,12.860757477027455
Ndirande,mean_wt_percent_bb,1.3699999999999999,1.59,28.379874139491474,7.568789288597056
Ndirande,mean_wt_percent_bb,1.3699999999999999,1.61,24.638248549543388,3.8271636986489703
Ndirande,mean_wt_percent_bb,1.3699999999999999,1.6300000000000001,20.810507548999837,-5.773018945802733e-4
Ndirande,mean_wt_percent_bb,1.3699999999999999,1.6500000000000001,15.723773179961395,-5.087311670933023
Ndirande,mean_wt_percent_bb,1.3699999999999999,1.67,12.647448064857567,-8.16363678603685
Ndirande,mean_wt_percent_bb,1.3699999999999999,1.69,10.837705143461394,-9.973379707433024
Ndirande,mean_wt_percent_bb,1.3699999999999999,1.71,9.395922402773085,-11.415162448121333
Ndirande,mean_wt_percent_ff,1.21,1.55,4.7477250547450955,-3.825561192919431
Ndirande,mean_wt_percent_ff,1.21,1.57,4.747715632927473,-3.825570614737054
Ndirande,mean_wt_percent_ff,1.21,1.59,4.747710497909042,-3.825575749755485
Ndirande,mean_wt_percent_ff,1.21,1.61,4.742946236793222,-3.8303400108713044
Ndirande,mean_wt_percent_ff,1.21,1.6300000000000001,4.747390384688199,-3.8258958629763278
Ndirande,mean_wt_percent_ff,1.21,1.6500000000000001,4.747302645569468,-3.825983602095059
Ndirande,mean_wt_percent_ff,1.21,1.67,4.747817784206095,-3.8254684634584315
Ndirande,mean_wt_percent_ff,1.21,1.69,4.747810382806769,-3.825475864857758
Ndirande,mean_wt_percent_ff,1.21,1.71,4.747361665465223,-3.8259245821993035
Ndirande,mean_wt_percent_ff,1.23,1.55,4.877047735430974,-3.6962385122335526
Ndirande,mean_wt_percent_ff,1.23,1.57,4.877059270291251,-3.696226977373276
Ndirande,mean_wt_percent_ff,1.23,1.59,4.877045974346532,-3.6962402733179944
Ndirande,mean_wt_percent_ff,1.23,1.61,4.877473323717664,-3.6958129239468622
Ndirande,mean_wt_percent_ff,1.23,1.6300000000000001,4.8767386071356436,-3.696547640528883
Ndirande,mean_wt_percent_ff,1.23,1.6500000000000001,4.876646129641277,-3.6966401180232493
Ndirande,mean_wt_percent_ff,1.23,1.67,4.877207506479724,-3.6960787411848024
Ndirande,mean_wt_percent_ff,1.23,1.69,4.87721513568656,-3.6960711119779663
Ndirande,mean_wt_percent_ff,1.23,1.71,4.876764454330241,-3.696521793334286
Ndirande,mean_wt_percent_ff,1.25,1.55,6.295233311219732,-2.2780529364447943
Ndirande,mean_wt_percent_ff,1.25,1.57,6.295251881016095,-2.2780343666484315
Ndirande,mean_wt_percent_ff,1.25,1.59,6.295233054192682,-2.2780531934718447
Ndirande,mean_wt_percent_ff,1.25,1.61,6.295783245745949,-2.2775030019185776
Ndirande,mean_wt_percent_ff,1.25,1.6300000000000001,6.294843411847401,-2.278442835817126
Ndirande,mean_wt_percent_ff,1.25,1.6500000000000001,6.294723203374667,-2.27856304428986
Ndirande,mean_wt_percent_ff,1.25,1.67,6.295448780840575,-2.277837466823952
Ndirande,mean_wt_percent_ff,1.25,1.69,6.295461208673165,-2.2778250389913612
Ndirande,mean_wt_percent_ff,1.25,1.71,6.294885476944917,-2.2784007707196094
Ndirande,mean_wt_percent_ff,1.27,1.55,7.640379573239814,-0.9329066744247125
Ndirande,mean_wt_percent_ff,1.27,1.57,7.640406973681232,-0.9328792739832945
Ndirande,mean_wt_percent_ff,1.27,1.59,7.640382168531917,-0.9329040791326095
Ndirande,mean_wt_percent_ff,1.27,1.61,7.6410512349634665,-0.9322350127010601
Ndirande,mean_wt_percent_ff,1.27,1.6300000000000001,7.648195238466533,-0.9250910091979936
Ndirande,mean_wt_percent_ff,1.27,1.6500000000000001,7.648059977462432,-0.9252262702020948
Ndirande,mean_wt_percent_ff,1.27,1.67,7.640654149667903,-0.932632097996624
Ndirande,mean_wt_percent_ff,1.27,1.69,7.640672475417802,-0.9326137722467243
Ndirande,mean_wt_percent_ff,1.27,1.71,7.639979213191875,-0.9333070344726515
Ndirande,mean_wt_percent_ff,1.29,1.55,8.573881982246936,5.957345824096905e-4
Ndirande,mean_wt_percent_ff,1.29,1.57,8.573868837700886,5.825900363589653e-4
Ndirande,mean_wt_percent_ff,1.29,1.59,8.57385793923675,5.716915722242533e-4
Ndirande,mean_wt_percent_ff,1.29,1.61,8.574574921682942,0.001288674018415037
Ndirande,mean_wt_percent_ff,1.29,1.6300000000000001,8.573286247664527,0
Ndirande,mean_wt_percent_ff,1.29,1.6500000000000001,8.573126994922546,-1.5925274198025363e-4
Ndirande,mean_wt_percent_ff,1.29,1.67,8.57406028824948,7.740405849538945e-4
Ndirande,mean_wt_percent_ff,1.29,1.69,8.574049689134759,7.634414702319958e-4
Ndirande,mean_wt_percent_ff,1.29,1.71,8.573246607717005,-3.9639947521763474e-5
Ndirande,mean_wt_percent_ff,1.31,1.55,11.851262381117628,3.2779761334531017
Ndirande,mean_wt_percent_ff,1.31,1.57,11.851270412289594,3.2779841646250674
Ndirande,mean_wt_percent_ff,1.31,1.59,11.851243110618269,3.277956862953742
Ndirande,mean_wt_percent_ff,1.31,1.61,11.852212049021944,3.278925801357417
Ndirande,mean_wt_percent_ff,1.31,1.6300000000000001,11.850511260658516,3.2772250129939895
Ndirande,mean_wt_percent_ff,1.31,1.6500000000000001,11.850284493868923,3.2769982462043963
Ndirande,mean_wt_percent_ff,1.31,1.67,11.85157295926438,3.278286711599854
Ndirande,mean_wt_percent_ff,1.31,1.69,11.851577448535576,3.278291200871049
Ndirande,mean_wt_percent_ff,1.31,1.71,11.850515807646229,3.277229559981702
Ndirande,mean_wt_percent_ff,1.33,1.55,13.587166965028722,5.013880717364195
Ndirande,mean_wt_percent_ff,1.33,1.57,13.587084875158423,5.013798627493896
Ndirande,mean_wt_percent_ff,1.33,1.59,13.572359012567187,4.99907276490266
Ndirande,mean_wt_percent_ff,1.33,1.61,13.573508722337916,5.000222474673389
Ndirande,mean_wt_percent_ff,1.33,1.6300000000000001,13.586149381119931,5.012863133455404
Ndirande,mean_wt_percent_ff,1.33,1.6500000000000001,13.58590820276955,5.012621955105024
Ndirande,mean_wt_percent_ff,1.33,1.67,13.5728914297653,4.9996051821007725
Ndirande,mean_wt_percent_ff,1.33,1.69,13.572947089590862,4.999660841926335
Ndirande,mean_wt_percent_ff,1.33,1.71,13.585927845903495,5.012641598238968
Ndirande,mean_wt_percent_ff,1.35,1.55,15.107699438014446,6.53441319034992
Ndirande,mean_wt_percent_ff,1.35,1.57,15.10772248671072,6.534436239046194
Ndirande,mean_wt_percent_ff,1.35,1.59,15.107684625384769,6.534398377720242
Ndirande,mean_wt_percent_ff,1.35,1.61,15.10897400384858,6.535687756184053
Ndirande,mean_wt_percent_ff,1.35,1.6300000000000001,15.106736832992876,6.5334505853283495
Ndirande,mean_wt_percent_ff,1.35,1.6500000000000001,15.106448670989783,6.5331624233252565
Ndirande,mean_wt_percent_ff,1.35,1.67,15.108141535751058,6.534855288086531
Ndirande,mean_wt_percent_ff,1.35,1.69,15.10815383816313,6.534867590498603
Ndirande,mean_wt_percent_ff,1.35,1.71,15.10678374697943,6.533497499314903
Ndirande,mean_wt_percent_ff,1.3699999999999999,1.55,17.498616058483318,8.925329810818791
Ndirande,mean_wt_percent_ff,1.3699999999999999,1.57,17.49864543675065,8.925359189086123
Ndirande,mean_wt_percent_ff,1.3699999999999999,1.59,17.49860155610408,8.925315308439554
Ndirande,mean_wt_percent_ff,1.3699999999999999,1.61,17.500108407001346,8.926822159336819
Ndirande,mean_wt_percent_ff,1.3699999999999999,1.6300000000000001,17.497499685442122,8.924213437777595
Ndirande,mean_wt_percent_ff,1.3699999999999999,1.6500000000000001,17.49716622014943,8.9238799724849045
Ndirande,mean_wt_percent_ff,1.3699999999999999,1.67,17.499136509865057,8.92585026220053
Ndirande,mean_wt_percent_ff,1.3699999999999999,1.69,17.499151043579918,8.925864795915391
Ndirande,mean_wt_percent_ff,1.3699999999999999,1.71,17.497563129686945,8.924276882022419
Sunnyside,mean_wt_percent_Mixed,1.21,1.55,67.80732447765652,-5.324553335642889
Sunnyside,mean_wt_percent_Mixed,1.21,1.57,71.67574360988822,-1.456134203411196
Sunnyside,mean_wt_percent_Mixed,1.21,1.59,75.96170827901882,2.829830465719411
Sunnyside,mean_wt_percent_Mixed,1.21,1.61,79.26415298985091,6.132275176551502
Sunnyside,mean_wt_percent_Mixed,1.21,1.6300000000000001,82.17960832922076,9.047730515921344
Sunnyside,mean_wt_percent_Mixed,1.21,1.6500000000000001,84.87066966343761,11.738791850138199
Sunnyside,mean_wt_percent_Mixed,1.21,1.67,88.27616589770732,15.144288084407904
Sunnyside,mean_wt_percent_Mixed,1.21,1.69,90.11730754892744,16.98542973562803
Sunnyside,mean_wt_percent_Mixed,1.21,1.71,91.18323862627199,18.051360812972575
Sunnyside,mean_wt_percent_Mixed,1.23,1.55,65.48162898625843,-7.650248827040983
Sunnyside,mean_wt_percent_Mixed,1.23,1.57,69.35008510982156,-3.781792703477848
Sunnyside,mean_wt_percent_Mixed,1.23,1.59,73.63586554887553,0.5039877355761178
Sunnyside,mean_wt_percent_Mixed,1.23,1.61,76.93745856281613,3.8055807495167215
Sunnyside,mean_wt_percent_Mixed,1.23,1.6300000000000001,79.83193350945704,6.700055696157634
Sunnyside,mean_wt_percent_Mixed,1.23,1.6500000000000001,82.54368843609537,9.411810622795954
Sunnyside,mean_wt_percent_Mixed,1.23,1.67,85.94904811394802,12.817170300648613
Sunnyside,mean_wt_percent_Mixed,1.23,1.69,87.79063599936919,14.658758186069775
Sunnyside,mean_wt_percent_Mixed,1.23,1.71,88.85637127019301,15.724493456893597
Sunnyside,mean_wt_percent_Mixed,1.25,1.55,62.64273906576088,-10.489138747538533
Sunnyside,mean_wt_percent_Mixed,1.25,1.57,66.51203964680116,-6.619838166498255
Sunnyside,mean_wt_percent_Mixed,1.25,1.59,70.79785317417671,-2.3340246391227026
Sunnyside,mean_wt_percent_Mixed,1.25,1.61,74.12854671317395,0.9966688998745354
Sunnyside,mean_wt_percent_Mixed,1.25,1.6300000000000001,77.01881196228668,3.8869341489872653
Sunnyside,mean_wt_percent_Mixed,1.25,1.6500000000000001,79.72716097413674,6.595283160837326
Sunnyside,mean_wt_percent_Mixed,1.25,1.67,83.12814893090574,9.996271117606327
Sunnyside,mean_wt_percent_Mixed,1.25,1.69,84.95196097660637,11.820083163306961
Sunnyside,mean_wt_percent_Mixed,1.25,1.71,86.01741470655543,12.885536893256017
Sunnyside,mean_wt_percent_Mixed,1.27,1.55,61.4137809782301,-11.71809683506931
Sunnyside,mean_wt_percent_Mixed,1.27,1.57,65.24046904546474,-7.891408767834676
Sunnyside,mean_wt_percent_Mixed,1.27,1.59,69.53230134867697,-3.5995764646224444
Sunnyside,mean_wt_percent_Mixed,1.27,1.61,72.8687272399761,-0.2631505733233155
Sunnyside,mean_wt_percent_Mixed,1.27,1.6300000000000001,75.76288005622509,2.6310022429256748
Sunnyside,mean_wt_percent_Mixed,1.27,1.6500000000000001,78.47495688368008,5.343079070380668
Sunnyside,mean_wt_percent_Mixed,1.27,1.67,81.88034121575669,8.748463402457276
Sunnyside,mean_wt_percent_Mixed,1.27,1.69,83.72291838830338,10.591040575003973
Sunnyside,mean_wt_percent_Mixed,1.27,1.71,84.78835075792209,11.656472944622678
Sunnyside,mean_wt_percent_Mixed,1.29,1.55,58.78424481247148,-14.347633000827933
Sunnyside,mean_wt_percent_Mixed,1.29,1.57,62.607895076471166,-10.523982736828245
Sunnyside,mean_wt_percent_Mixed,1.29,1.59,66.89966585762937,-6.232211955670039
Sunnyside,mean_wt_percent_Mixed,1.29,1.61,70.23805367986654,-2.8938241334328723
Sunnyside,mean_wt_percent_Mixed,1.29,1.6300000000000001,73.13187781329941,0
Sunnyside,mean_wt_percent_Mixed,1.29,1.6500000000000001,75.84410448000763,2.7122266667082187
Sunnyside,mean_wt_percent_Mixed,1.29,1.67,79.24942454971772,6.117546736418305
Sunnyside,mean_wt_percent_Mixed,1.29,1.69,81.09262515262839,7.960747339328975
Sunnyside,mean_wt_percent_Mixed,1.29,1.71,82.15782643093536,9.025948617635947
Sunnyside,mean_wt_percent_Mixed,1.31,1.55,53.84121701334439,-19.29066079995502
Sunnyside,mean_wt_percent_Mixed,1.31,1.57,57.71191612526779,-15.41996168803162
Sunnyside,mean_wt_percent_Mixed,1.31,1.59,61.997733857270575,-11.134143956028836
Sunnyside,mean_wt_percent_Mixed,1.31,1.61,65.33464931035675,-7.797228502942659
Sunnyside,mean_wt_percent_Mixed,1.31,1.6300000000000001,68.2242125619593,-4.907665251340106
Sunnyside,mean_wt_percent_Mixed,1.31,1.6500000000000001,70.93292171972237,-2.1989560935770385
Sunnyside,mean_wt_percent_Mixed,1.31,1.67,74.33368451951243,1.20180670621302
Sunnyside,mean_wt_percent_Mixed,1.31,1.69,76.15063176389883,3.018753950599418
Sunnyside,mean_wt_percent_Mixed,1.31,1.71,77.21547209353217,4.083594280232759
Sunnyside,mean_wt_percent_Mixed,1.33,1.55,49.953895793211295,-23.177982020088116
Sunnyside,mean_wt_percent_Mixed,1.33,1.57,53.77076430717531,-19.3611135061241
Sunnyside,mean_wt_percent_Mixed,1.33,1.59,58.06286840672147,-15.06900940657794
Sunnyside,mean_wt_percent_Mixed,1.33,1.61,61.40759460703077,-11.724283206268645
Sunnyside,mean_wt_percent_Mixed,1.33,1.6300000000000001,64.30111996252008,-8.830757850779335
Sunnyside,mean_wt_percent_Mixed,1.33,1.6500000000000001,67.01387472506029,-6.118003088239121
Sunnyside,mean_wt_percent_Mixed,1.33,1.67,70.41928956322214,-2.7125882500772747
Sunnyside,mean_wt_percent_Mixed,1.33,1.69,72.26410273477106,-0.8677750785283536
Sunnyside,mean_wt_percent_Mixed,1.33,1.71,73.32884002371158,0.19696221041216688
Sunnyside,mean_wt_percent_Mixed,1.35,1.55,45.053577526202446,-28.078300287096965
Sunnyside,mean_wt_percent_Mixed,1.35,1.57,48.92519492799223,-24.20668288530718
Sunnyside,mean_wt_percent_Mixed,1.35,1.59,53.21111235429764,-19.92076545900177
Sunnyside,mean_wt_percent_Mixed,1.35,1.61,56.55401225576506,-16.577865557534352
Sunnyside,mean_wt_percent_Mixed,1.35,1.6300000000000001,59.44309144419917,-13.688786369100242
Sunnyside,mean_wt_percent_Mixed,1.35,1.6500000000000001,62.152087926474465,-10.979789886824946
Sunnyside,mean_wt_percent_Mixed,1.35,1.67,65.55271313155947,-7.57916468173994
Sunnyside,mean_wt_percent_Mixed,1.35,1.69,67.36334641954306,-5.768531393756348
Sunnyside,mean_wt_percent_Mixed,1.35,1.71,68.42771371110233,-4.704164102197083
Sunnyside,mean_wt_percent_Mixed,1.3699999999999999,1.55,40.766178770776186,-32.365699042523225
Sunnyside,mean_wt_percent_Mixed,1.3699999999999999,1.57,44.63835339740463,-28.493524415894782
Sunnyside,mean_wt_percent_Mixed,1.3699999999999999,1.59,48.924427044441316,-24.207450768858095
Sunnyside,mean_wt_percent_Mixed,1.3699999999999999,1.61,52.219361388176026,-20.912516425123385
Sunnyside,mean_wt_percent_Mixed,1.3699999999999999,1.6300000000000001,55.11250362934569,-18.019374183953722
Sunnyside,mean_wt_percent_Mixed,1.3699999999999999,1.6500000000000001,57.82552770786488,-15.306350105434532
Sunnyside,mean_wt_percent_Mixed,1.3699999999999999,1.67,61.230664926240344,-11.901212887059067
Sunnyside,mean_wt_percent_Mixed,1.3699999999999999,1.69,63.076702491600265,-10.055175321699146
Sunnyside,mean_wt_percent_Mixed,1.3699999999999999,1.71,64.14092105471076,-8.990956758588652
Sunnyside,mean_wt_percent_bb,1.21,1.55,29.88030469851246,14.352087297265829
Sunnyside,mean_wt_percent_bb,1.21,1.57,26.012494203192677,10.484276801946045
Sunnyside,mean_wt_percent_bb,1.21,1.59,21.726544546505266,6.198327145258634
Sunnyside,mean_wt_percent_bb,1.21,1.61,18.423114626032604,2.8948972247859714
Sunnyside,mean_wt_percent_bb,1.21,1.6300000000000001,15.5101639679001,-0.01805343334653209
Sunnyside,mean_wt_percent_bb,1.21,1.6500000000000001,12.816625215198716,-2.711592186047916
Sunnyside,mean_wt_percent_bb,1.21,1.67,9.411127985238217,-6.117089416008415
Sunnyside,mean_wt_percent_bb,1.21,1.69,7.570581553789715,-7.957635847456917
Sunnyside,mean_wt_percent_bb,1.21,1.71,6.504455805596093,-9.023761595650539
Sunnyside,mean_wt_percent_bb,1.23,1.55,29.879124800233893,14.35090739898726
Sunnyside,mean_wt_percent_bb,1.23,1.57,26.011825798257103,10.483608397010471
Sunnyside,mean_wt_percent_bb,1.23,1.59,21.726059784992103,6.197842383745471
Sunnyside,mean_wt_percent_bb,1.23,1.61,18.42253307899319,2.894315677746558
Sunnyside,mean_wt_percent_bb,1.23,1.6300000000000001,15.527697215074149,-5.201861724835055e-4
Sunnyside,mean_wt_percent_bb,1.23,1.6500000000000001,12.816321418374615,-2.711895982872017
Sunnyside,mean_wt_percent_bb,1.23,1.67,9.4109416355697,-6.117275765676933
Sunnyside,mean_wt_percent_bb,1.23,1.69,7.570503760180659,-7.957713641065973
Sunnyside,mean_wt_percent_bb,1.23,1.71,6.5043825162993185,-9.023834884947313
Sunnyside,mean_wt_percent_bb,1.25,1.55,29.8780392940385,14.34982189279187
Sunnyside,mean_wt_percent_bb,1.25,1.57,26.010665943843353,10.482448542596721
Sunnyside,mean_wt_percent_bb,1.25,1.59,21.724930815401404,6.196713414154772
Sunnyside,mean_wt_percent_bb,1.25,1.61,18.399915392654744,2.871697991408112
Sunnyside,mean_wt_percent_bb,1.25,1.6300000000000001,15.508927408142878,-0.019289993103754455
Sunnyside,mean_wt_percent_bb,1.25,1.6500000000000001,12.801056294561441,-2.727161106685191
Sunnyside,mean_wt_percent_bb,1.25,1.67,9.39990159379176,-6.128315807454872
Sunnyside,mean_wt_percent_bb,1.25,1.69,7.5698317772496875,-7.958385623996945
Sunnyside,mean_wt_percent_bb,1.25,1.71,6.503782217282539,-9.024435183964094
Sunnyside,mean_wt_percent_bb,1.27,1.55,29.879459609416365,14.351242208169733
Sunnyside,mean_wt_percent_bb,1.27,1.57,26.044205358667078,10.515987957420446
Sunnyside,mean_wt_percent_bb,1.27,1.59,21.75260161033208,6.224384209085446
Sunnyside,mean_wt_percent_bb,1.27,1.61,18.422972739888593,2.8947553386419607
Sunnyside,mean_wt_percent_bb,1.27,1.6300000000000001,15.528115692705649,-1.0170854098312532e-4
Sunnyside,mean_wt_percent_bb,1.27,1.6500000000000001,12.816716595359468,-2.711500805887164
Sunnyside,mean_wt_percent_bb,1.27,1.67,9.411264387348929,-6.116953013897703
Sunnyside,mean_wt_percent_bb,1.27,1.69,7.570801610490975,-7.957415790755657
Sunnyside,mean_wt_percent_bb,1.27,1.71,6.504641166641322,-9.02357623460531
Sunnyside,mean_wt_percent_bb,1.29,1.55,29.879015967142124,14.350798565895492
Sunnyside,mean_wt_percent_bb,1.29,1.57,26.044092628549414,10.515875227302782
Sunnyside,mean_wt_percent_bb,1.29,1.59,21.752581050702247,6.224363649455615
Sunnyside,mean_wt_percent_bb,1.29,1.61,18.423009902954966,2.8947925017083342
Sunnyside,mean_wt_percent_bb,1.29,1.6300000000000001,15.528217401246632,0
Sunnyside,mean_wt_percent_bb,1.29,1.6500000000000001,12.816839094562088,-2.7113783066845443
Sunnyside,mean_wt_percent_bb,1.29,1.67,9.411388946489687,-6.116828454756945
Sunnyside,mean_wt_percent_bb,1.29,1.69,7.570917701201338,-7.9572997000452945
Sunnyside,mean_wt_percent_bb,1.29,1.71,6.504750930101766,-9.023466471144866
Sunnyside,mean_wt_percent_bb,1.31,1.55,29.876887748344792,14.34867034709816
Sunnyside,mean_wt_percent_bb,1.31,1.57,26.010106714676756,10.481889313430123
Sunnyside,mean_wt_percent_bb,1.31,1.59,21.724461400943014,6.196243999696382
Sunnyside,mean_wt_percent_bb,1.31,1.61,18.399724462384402,2.8715070611377698
Sunnyside,mean_wt_percent_bb,1.31,1.6300000000000001,15.508679274278983,-0.01953812696764956
Sunnyside,mean_wt_percent_bb,1.31,1.6500000000000001,12.800921514412114,-2.7272958868345185
Sunnyside,mean_wt_percent_bb,1.31,1.67,9.399800092139905,-6.128417309106727
Sunnyside,mean_wt_percent_bb,1.31,1.69,7.569584858711745,-7.958632542534887
Sunnyside,mean_wt_percent_bb,1.31,1.71,6.503535065171984,-9.024682336074648
Sunnyside,mean_wt_percent_bb,1.33,1.55,29.88129831002838,14.353080908781749
Sunnyside,mean_wt_percent_bb,1.33,1.57,26.0451221284196,10.516904727172967
Sunnyside,mean_wt_percent_bb,1.33,1.59,21.753460699561,6.225243298314368
Sunnyside,mean_wt_percent_bb,1.33,1.61,18.424070642850644,2.895853241604012
Sunnyside,mean_wt_percent_bb,1.33,1.6300000000000001,15.528985928265685,7.685270190531668e-4
Sunnyside,mean_wt_percent_bb,1.33,1.6500000000000001,12.817577056303051,-2.710640344943581
Sunnyside,mean_wt_percent_bb,1.33,1.67,9.411930837091495,-6.116286564155137
Sunnyside,mean_wt_percent_bb,1.33,1.69,7.571522516801249,-7.956694884445383
Sunnyside,mean_wt_percent_bb,1.33,1.71,6.505221137110444,-9.02299626413619
Sunnyside,mean_wt_percent_bb,1.35,1.55,29.876196104141613,14.34797870289498
Sunnyside,mean_wt_percent_bb,1.35,1.57,26.010068340757975,10.481850939511343
Sunnyside,mean_wt_percent_bb,1.35,1.59,21.724423338582454,6.196205937335822
Sunnyside,mean_wt_percent_bb,1.35,1.61,18.399939393341384,2.871721992094752
Sunnyside,mean_wt_percent_bb,1.35,1.6300000000000001,15.508752546662896,-0.01946485458373637
Sunnyside,mean_wt_percent_bb,1.35,1.6500000000000001,12.801062841645209,-2.7271545596014235
Sunnyside,mean_wt_percent_bb,1.35,1.67,9.399898836456098,-6.1283185647905345
Sunnyside,mean_wt_percent_bb,1.35,1.69,7.569472094478852,-7.9587453067677805
Sunnyside,mean_wt_percent_bb,1.35,1.71,6.503397874951926,-9.024819526294706
Sunnyside,mean_wt_percent_bb,1.3699999999999999,1.55,29.879124800233893,14.35090739898726
Sunnyside,mean_wt_percent_bb,1.3699999999999999,1.57,26.012975122552305,10.484757721305673
Sunnyside,mean_wt_percent_bb,1.3699999999999999,1.59,21.727008264614938,6.1987908633683055
Sunnyside,mean_wt_percent_bb,1.3699999999999999,1.61,18.421988159151603,2.8937707579049707
Sunnyside,mean_wt_percent_bb,1.3699999999999999,1.6300000000000001,15.527004214930527,-0.0012131863161055634
Sunnyside,mean_wt_percent_bb,1.3699999999999999,1.6500000000000001,12.815940729693365,-2.7122766715532673
Sunnyside,mean_wt_percent_bb,1.3699999999999999,1.67,9.410665545964427,-6.117551855282205
Sunnyside,mean_wt_percent_bb,1.3699999999999999,1.69,7.570614388022092,-7.95760301322454
Sunnyside,mean_wt_percent_bb,1.3699999999999999,1.71,6.5043825162993185,-9.023834884947313
Sunnyside,mean_wt_percent_ff,1.21,1.55,2.312370823831016,-9.027533961622929
Sunnyside,mean_wt_percent_ff,1.21,1.57,2.311762186919107,-9.028142598534837
Sunnyside,mean_wt_percent_ff,1.21,1.59,2.3117471744758986,-9.028157610978045
Sunnyside,mean_wt_percent_ff,1.21,1.61,2.3127323841164933,-9.02717240133745
Sunnyside,mean_wt_percent_ff,1.21,1.6300000000000001,2.3102277028791396,-9.029677082574805
Sunnyside,mean_wt_percent_ff,1.21,1.6500000000000001,2.312705121363684,-9.027199664090261
Sunnyside,mean_wt_percent_ff,1.21,1.67,2.312706117054467,-9.027198668399478
Sunnyside,mean_wt_percent_ff,1.21,1.69,2.3121108972828517,-9.027793888171093
Sunnyside,mean_wt_percent_ff,1.21,1.71,2.312305568131913,-9.027599217322031
Sunnyside,mean_wt_percent_ff,1.23,1.55,4.63924621350768,-6.700658571946264
Sunnyside,mean_wt_percent_ff,1.23,1.57,4.638089091921332,-6.7018156935326125
Sunnyside,mean_wt_percent_ff,1.23,1.59,4.6380746661323675,-6.701830119321577
Sunnyside,mean_wt_percent_ff,1.23,1.61,4.64000835819068,-6.699896427263265
Sunnyside,mean_wt_percent_ff,1.23,1.6300000000000001,4.640369275468806,-6.699535509985139
Sunnyside,mean_wt_percent_ff,1.23,1.6500000000000001,4.639990145530014,-6.69991463992393
Sunnyside,mean_wt_percent_ff,1.23,1.67,4.640010250482273,-6.699894534971671
Sunnyside,mean_wt_percent_ff,1.23,1.69,4.6388602404501444,-6.7010445450038
Sunnyside,mean_wt_percent_ff,1.23,1.71,4.639246213507679,-6.700658571946265
Sunnyside,mean_wt_percent_ff,1.25,1.55,7.479221640200627,-3.8606831452533177
Sunnyside,mean_wt_percent_ff,1.25,1.57,7.477294409355488,-3.8626103760984565
Sunnyside,mean_wt_percent_ff,1.25,1.59,7.477216010421888,-3.8626887750320567
Sunnyside,mean_wt_percent_ff,1.25,1.61,7.471537894171311,-3.8683668912826334
Sunnyside,mean_wt_percent_ff,1.25,1.6300000000000001,7.472260629570431,-3.8676441558835135
Sunnyside,mean_wt_percent_ff,1.25,1.6500000000000001,7.471782731301817,-3.8681220541521277
Sunnyside,mean_wt_percent_ff,1.25,1.67,7.471949475302495,-3.8679553101514497
Sunnyside,mean_wt_percent_ff,1.25,1.69,7.478207246143942,-3.8616975393100024
Sunnyside,mean_wt_percent_ff,1.25,1.71,7.478803076162031,-3.861101709291913
Sunnyside,mean_wt_percent_ff,1.27,1.55,8.706759412353533,-2.6331453731004117
Sunnyside,mean_wt_percent_ff,1.27,1.57,8.715325595868194,-2.6245791895857504
Sunnyside,mean_wt_percent_ff,1.27,1.59,8.71509704099096,-2.6248077444629843
Sunnyside,mean_wt_percent_ff,1.27,1.61,8.70830002013531,-2.6316047653186345
Sunnyside,mean_wt_percent_ff,1.27,1.6300000000000001,8.70900425106926,-2.6309005343846845
Sunnyside,mean_wt_percent_ff,1.27,1.6500000000000001,8.708326520960451,-2.631578264493493
Sunnyside,mean_wt_percent_ff,1.27,1.67,8.708394396894382,-2.631510388559562
Sunnyside,mean_wt_percent_ff,1.27,1.69,8.706280001205633,-2.633624784248312
Sunnyside,mean_wt_percent_ff,1.27,1.71,8.707008075436576,-2.632896710017368
Sunnyside,mean_wt_percent_ff,1.29,1.55,11.336739220386397,-0.0031655650675475044
Sunnyside,mean_wt_percent_ff,1.29,1.57,11.348012294979423,0.008107509525478562
Sunnyside,mean_wt_percent_ff,1.29,1.59,11.347753091668384,0.00784830621443966
Sunnyside,mean_wt_percent_ff,1.29,1.61,11.338936417178498,-9.683682754459966e-4
Sunnyside,mean_wt_percent_ff,1.29,1.6300000000000001,11.339904785453944,0
Sunnyside,mean_wt_percent_ff,1.29,1.6500000000000001,11.339056425430282,-8.483600236619537e-4
Sunnyside,mean_wt_percent_ff,1.29,1.67,11.339186503792593,-7.182816613511278e-4
Sunnyside,mean_wt_percent_ff,1.29,1.69,11.336457146170286,-0.0034476392836584324
Sunnyside,mean_wt_percent_ff,1.29,1.71,11.337422638962872,-0.002482146491072257
Sunnyside,mean_wt_percent_ff,1.31,1.55,16.281895238310813,4.941990452856869
Sunnyside,mean_wt_percent_ff,1.31,1.57,16.277977160055457,4.9380723746015125
Sunnyside,mean_wt_percent_ff,1.31,1.59,16.277804741786404,4.93789995633246
Sunnyside,mean_wt_percent_ff,1.31,1.61,16.265626227258842,4.925721441804898
Sunnyside,mean_wt_percent_ff,1.31,1.6300000000000001,16.26710816376171,4.927203378307764
Sunnyside,mean_wt_percent_ff,1.31,1.6500000000000001,16.266156765865514,4.926251980411569
Sunnyside,mean_wt_percent_ff,1.31,1.67,16.266515388347656,4.926610602893712
Sunnyside,mean_wt_percent_ff,1.31,1.69,16.279783377389432,4.9398785919354875
Sunnyside,mean_wt_percent_ff,1.31,1.71,16.280992841295856,4.941088055841911
Sunnyside,mean_wt_percent_ff,1.33,1.55,20.16480589676032,8.824901111306376
Sunnyside,mean_wt_percent_ff,1.33,1.57,20.184113564405088,8.844208778951144
Sunnyside,mean_wt_percent_ff,1.33,1.59,20.183670893717537,8.843766108263592
Sunnyside,mean_wt_percent_ff,1.33,1.61,20.16833475011859,8.828429964664645
Sunnyside,mean_wt_percent_ff,1.33,1.6300000000000001,20.16989410921424,8.829989323760296
Sunnyside,mean_wt_percent_ff,1.33,1.6500000000000001,20.16854821863666,8.828643433182714
Sunnyside,mean_wt_percent_ff,1.33,1.67,20.16877959968636,8.828874814232416
Sunnyside,mean_wt_percent_ff,1.33,1.69,20.164374748427697,8.824469962973753
Sunnyside,mean_wt_percent_ff,1.33,1.71,20.165938839177976,8.826034053724031
Sunnyside,mean_wt_percent_ff,1.35,1.55,25.070226369655945,13.730321584202
Sunnyside,mean_wt_percent_ff,1.35,1.57,25.06473673124979,13.724831945795847
Sunnyside,mean_wt_percent_ff,1.35,1.59,25.06446430711991,13.724559521665965
Sunnyside,mean_wt_percent_ff,1.35,1.61,25.046048350893557,13.706143565439612
Sunnyside,mean_wt_percent_ff,1.35,1.6300000000000001,25.04815600913794,13.708251223683996
Sunnyside,mean_wt_percent_ff,1.35,1.6500000000000001,25.046849231880326,13.706944446426382
Sunnyside,mean_wt_percent_ff,1.35,1.67,25.04738803198443,13.707483246530485
Sunnyside,mean_wt_percent_ff,1.35,1.69,25.067181485978097,13.727276700524152
Sunnyside,mean_wt_percent_ff,1.35,1.71,25.068888413945732,13.728983628491788
Sunnyside,mean_wt_percent_ff,1.3699999999999999,1.55,29.354696428989925,18.01479164353598
Sunnyside,mean_wt_percent_ff,1.3699999999999999,1.57,29.348671480043077,18.008766694589134
Sunnyside,mean_wt_percent_ff,1.3699999999999999,1.59,29.348564690943746,18.0086599054898
Sunnyside,mean_wt_percent_ff,1.3699999999999999,1.61,29.358650452672375,18.018745667218433
Sunnyside,mean_wt_percent_ff,1.3699999999999999,1.6300000000000001,29.360492155723783,18.020587370269837
Sunnyside,mean_wt_percent_ff,1.3699999999999999,1.6500000000000001,29.358531562441755,18.01862677698781
Sunnyside,mean_wt_percent_ff,1.3699999999999999,1.67,29.35866952779522,18.018764742341276
Sunnyside,mean_wt_percent_ff,1.3699999999999999,1.69,29.352683120377637,18.012778334923695
Sunnyside,mean_wt_percent_ff,1.3699999999999999,1.71,29.354696428989925,18.01479164353598
